Trial,Parameter,Value,Average Train Loss,Average Validation Loss
0,learning_rate,0.01,5.930635311603546,5.612647643089295
0,momentum,0.7,5.930635311603546,5.612647643089295
0,weight_decay,0.0005,5.930635311603546,5.612647643089295
0,number epochs,200,5.930635311603546,5.612647643089295
1,learning_rate,0.01,5.412703886032104,5.102748680114746
1,momentum,0.3,5.412703886032104,5.102748680114746
1,weight_decay,0.005,5.412703886032104,5.102748680114746
1,number epochs,50,5.412703886032104,5.102748680114746
2,learning_rate,1e-05,5.546305370330811,5.222946939468383
2,momentum,0.5,5.546305370330811,5.222946939468383
2,weight_decay,0.0005,5.546305370330811,5.222946939468383
2,number epochs,100,5.546305370330811,5.222946939468383
3,learning_rate,1e-05,5.847852602005005,5.489526815414429
3,momentum,0.05,5.847852602005005,5.489526815414429
3,weight_decay,0.1,5.847852602005005,5.489526815414429
3,number epochs,150,5.847852602005005,5.489526815414429
4,learning_rate,0.0001,5.897513506412506,5.536385631561279
4,momentum,0.05,5.897513506412506,5.536385631561279
4,weight_decay,0.005,5.897513506412506,5.536385631561279
4,number epochs,200,5.897513506412506,5.536385631561279
5,learning_rate,0.1,6.2963699531555175,5.997269287109375
5,momentum,0.95,6.2963699531555175,5.997269287109375
5,weight_decay,0.0005,6.2963699531555175,5.997269287109375
5,number epochs,50,6.2963699531555175,5.997269287109375
6,learning_rate,0.001,6.3419607472419735,6.040020549297333
6,momentum,0.3,6.3419607472419735,6.040020549297333
6,weight_decay,0.1,6.3419607472419735,6.040020549297333
6,number epochs,200,6.3419607472419735,6.040020549297333
7,learning_rate,1e-05,5.32142017364502,5.083139457702637
7,momentum,1,5.32142017364502,5.083139457702637
7,weight_decay,0.0005,5.32142017364502,5.083139457702637
7,number epochs,50,5.32142017364502,5.083139457702637
8,learning_rate,0.01,5.771377494335175,5.485901336669922
8,momentum,0.3,5.771377494335175,5.485901336669922
8,weight_decay,0.1,5.771377494335175,5.485901336669922
8,number epochs,200,5.771377494335175,5.485901336669922
9,learning_rate,0.1,5.124158029556274,4.86742522239685
9,momentum,0.05,5.124158029556274,4.86742522239685
9,weight_decay,0.1,5.124158029556274,4.86742522239685
9,number epochs,100,5.124158029556274,4.86742522239685
10,learning_rate,0.0001,5.4116978216171265,5.14228663444519
10,momentum,0.7,5.4116978216171265,5.14228663444519
10,weight_decay,0.005,5.4116978216171265,5.14228663444519
10,number epochs,100,5.4116978216171265,5.14228663444519
11,learning_rate,0.01,5.556414407730102,5.273654188156128
11,momentum,1,5.556414407730102,5.273654188156128
11,weight_decay,0.1,5.556414407730102,5.273654188156128
11,number epochs,250,5.556414407730102,5.273654188156128
12,learning_rate,0.01,5.992376024723053,5.640148906707764
12,momentum,0.95,5.992376024723053,5.640148906707764
12,weight_decay,0.0005,5.992376024723053,5.640148906707764
12,number epochs,200,5.992376024723053,5.640148906707764
13,learning_rate,0.0001,5.675223274230957,5.3045874691009525
13,momentum,0.95,5.675223274230957,5.3045874691009525
13,weight_decay,0.01,5.675223274230957,5.3045874691009525
13,number epochs,50,5.675223274230957,5.3045874691009525
14,learning_rate,0.1,5.66388503074646,5.327821612358093
14,momentum,1,5.66388503074646,5.327821612358093
14,weight_decay,0.0005,5.66388503074646,5.327821612358093
14,number epochs,100,5.66388503074646,5.327821612358093
15,learning_rate,1e-05,5.545496096611023,5.152901344299316
15,momentum,1,5.545496096611023,5.152901344299316
15,weight_decay,0.0005,5.545496096611023,5.152901344299316
15,number epochs,100,5.545496096611023,5.152901344299316
16,learning_rate,0.1,5.323402598698934,5.054373168945313
16,momentum,0.7,5.323402598698934,5.054373168945313
16,weight_decay,0.01,5.323402598698934,5.054373168945313
16,number epochs,150,5.323402598698934,5.054373168945313
17,learning_rate,0.001,5.799945933024088,5.700296869277954
17,momentum,0.5,5.799945933024088,5.700296869277954
17,weight_decay,0.005,5.799945933024088,5.700296869277954
17,number epochs,150,5.799945933024088,5.700296869277954
18,learning_rate,1e-05,6.103373693466186,5.767871482849121
18,momentum,0.05,6.103373693466186,5.767871482849121
18,weight_decay,0.1,6.103373693466186,5.767871482849121
18,number epochs,250,6.103373693466186,5.767871482849121
19,learning_rate,0.001,6.125964851379394,5.903924436569214
19,momentum,0.95,6.125964851379394,5.903924436569214
19,weight_decay,0.01,6.125964851379394,5.903924436569214
19,number epochs,50,6.125964851379394,5.903924436569214
20,learning_rate,0.1,5.583812358379364,5.211159133911133
20,momentum,0.7,5.583812358379364,5.211159133911133
20,weight_decay,0.0005,5.583812358379364,5.211159133911133
20,number epochs,200,5.583812358379364,5.211159133911133
21,learning_rate,1e-05,5.5094482660293576,5.384125876426697
21,momentum,1,5.5094482660293576,5.384125876426697
21,weight_decay,0.0005,5.5094482660293576,5.384125876426697
21,number epochs,100,5.5094482660293576,5.384125876426697
22,learning_rate,0.0001,6.103032117843628,5.858243305206299
22,momentum,0.7,6.103032117843628,5.858243305206299
22,weight_decay,0.0005,6.103032117843628,5.858243305206299
22,number epochs,250,6.103032117843628,5.858243305206299
23,learning_rate,1e-05,5.8350202713012695,5.432508474349976
23,momentum,0.95,5.8350202713012695,5.432508474349976
23,weight_decay,0.1,5.8350202713012695,5.432508474349976
23,number epochs,250,5.8350202713012695,5.432508474349976
24,learning_rate,0.01,5.766908094882965,5.391672048568726
24,momentum,0.95,5.766908094882965,5.391672048568726
24,weight_decay,0.1,5.766908094882965,5.391672048568726
24,number epochs,200,5.766908094882965,5.391672048568726
25,learning_rate,0.01,5.507583765983582,5.130700242519379
25,momentum,0.3,5.507583765983582,5.130700242519379
25,weight_decay,0.005,5.507583765983582,5.130700242519379
25,number epochs,200,5.507583765983582,5.130700242519379
26,learning_rate,0.1,5.731225709915162,5.401705160140991
26,momentum,1,5.731225709915162,5.401705160140991
26,weight_decay,0.1,5.731225709915162,5.401705160140991
26,number epochs,50,5.731225709915162,5.401705160140991
27,learning_rate,1e-05,5.841084804534912,5.450813055038452
27,momentum,0.95,5.841084804534912,5.450813055038452
27,weight_decay,0.0005,5.841084804534912,5.450813055038452
27,number epochs,100,5.841084804534912,5.450813055038452
28,learning_rate,0.01,6.347840938568115,5.982160806655884
28,momentum,0.05,6.347840938568115,5.982160806655884
28,weight_decay,0.1,6.347840938568115,5.982160806655884
28,number epochs,100,6.347840938568115,5.982160806655884
29,learning_rate,0.01,6.168443517684937,5.810412976741791
29,momentum,0.7,6.168443517684937,5.810412976741791
29,weight_decay,0.0005,6.168443517684937,5.810412976741791
29,number epochs,200,6.168443517684937,5.810412976741791
30,learning_rate,0.001,5.589142942428589,5.217722366333008
30,momentum,0.95,5.589142942428589,5.217722366333008
30,weight_decay,0.005,5.589142942428589,5.217722366333008
30,number epochs,250,5.589142942428589,5.217722366333008
31,learning_rate,0.001,5.312425155639648,4.979877462387085
31,momentum,0.3,5.312425155639648,4.979877462387085
31,weight_decay,0.1,5.312425155639648,4.979877462387085
31,number epochs,50,5.312425155639648,4.979877462387085
32,learning_rate,0.01,5.544861679077148,5.351993551254273
32,momentum,0.1,5.544861679077148,5.351993551254273
32,weight_decay,0.0005,5.544861679077148,5.351993551254273
32,number epochs,200,5.544861679077148,5.351993551254273
33,learning_rate,0.1,5.825579891204834,5.440591497421265
33,momentum,0.7,5.825579891204834,5.440591497421265
33,weight_decay,0.005,5.825579891204834,5.440591497421265
33,number epochs,100,5.825579891204834,5.440591497421265
34,learning_rate,1e-05,5.090252759933471,4.807963224411011
34,momentum,0.3,5.090252759933471,4.807963224411011
34,weight_decay,0.01,5.090252759933471,4.807963224411011
34,number epochs,250,5.090252759933471,4.807963224411011
35,learning_rate,0.001,5.658655700683593,5.328817801475525
35,momentum,0.95,5.658655700683593,5.328817801475525
35,weight_decay,0.005,5.658655700683593,5.328817801475525
35,number epochs,100,5.658655700683593,5.328817801475525
36,learning_rate,0.01,5.555044218699138,5.305345322291056
36,momentum,0.95,5.555044218699138,5.305345322291056
36,weight_decay,0.005,5.555044218699138,5.305345322291056
36,number epochs,150,5.555044218699138,5.305345322291056
37,learning_rate,1e-05,5.504819591045379,5.192523405551911
37,momentum,0.5,5.504819591045379,5.192523405551911
37,weight_decay,0.005,5.504819591045379,5.192523405551911
37,number epochs,200,5.504819591045379,5.192523405551911
38,learning_rate,0.01,5.880476579666138,5.509862501621246
38,momentum,0.3,5.880476579666138,5.509862501621246
38,weight_decay,0.0005,5.880476579666138,5.509862501621246
38,number epochs,200,5.880476579666138,5.509862501621246
39,learning_rate,0.0001,5.607766361236572,5.423472709655762
39,momentum,1,5.607766361236572,5.423472709655762
39,weight_decay,0.0005,5.607766361236572,5.423472709655762
39,number epochs,50,5.607766361236572,5.423472709655762
40,learning_rate,1e-05,5.63604838848114,5.3027085065841675
40,momentum,1,5.63604838848114,5.3027085065841675
40,weight_decay,0.005,5.63604838848114,5.3027085065841675
40,number epochs,100,5.63604838848114,5.3027085065841675
41,learning_rate,1e-05,6.199708557128906,5.998345317840577
41,momentum,0.5,6.199708557128906,5.998345317840577
41,weight_decay,0.0005,6.199708557128906,5.998345317840577
41,number epochs,50,6.199708557128906,5.998345317840577
42,learning_rate,0.001,5.712623982429505,5.4040318918228145
42,momentum,0.3,5.712623982429505,5.4040318918228145
42,weight_decay,0.005,5.712623982429505,5.4040318918228145
42,number epochs,100,5.712623982429505,5.4040318918228145
43,learning_rate,1e-05,5.701527738571167,5.3951622638702394
43,momentum,0.3,5.701527738571167,5.3951622638702394
43,weight_decay,0.01,5.701527738571167,5.3951622638702394
43,number epochs,250,5.701527738571167,5.3951622638702394
44,learning_rate,0.0001,5.41316497039795,5.092723028182983
44,momentum,0.05,5.41316497039795,5.092723028182983
44,weight_decay,0.01,5.41316497039795,5.092723028182983
44,number epochs,250,5.41316497039795,5.092723028182983
45,learning_rate,0.001,5.778619630813599,5.419625835418701
45,momentum,0.05,5.778619630813599,5.419625835418701
45,weight_decay,0.1,5.778619630813599,5.419625835418701
45,number epochs,250,5.778619630813599,5.419625835418701
46,learning_rate,1e-05,5.556948299407959,5.220320078531901
46,momentum,0.1,5.556948299407959,5.220320078531901
46,weight_decay,0.1,5.556948299407959,5.220320078531901
46,number epochs,150,5.556948299407959,5.220320078531901
47,learning_rate,0.001,5.241959249973297,4.856979835033417
47,momentum,0.7,5.241959249973297,4.856979835033417
47,weight_decay,0.1,5.241959249973297,4.856979835033417
47,number epochs,200,5.241959249973297,4.856979835033417
48,learning_rate,1e-05,6.0415618667602535,5.770972263336182
48,momentum,0.05,6.0415618667602535,5.770972263336182
48,weight_decay,0.005,6.0415618667602535,5.770972263336182
48,number epochs,250,6.0415618667602535,5.770972263336182
49,learning_rate,0.0001,5.602987070083618,5.286507476170858
49,momentum,0.1,5.602987070083618,5.286507476170858
49,weight_decay,0.1,5.602987070083618,5.286507476170858
49,number epochs,150,5.602987070083618,5.286507476170858
50,learning_rate,0.01,5.59245397567749,5.190548963546753
50,momentum,0.3,5.59245397567749,5.190548963546753
50,weight_decay,0.01,5.59245397567749,5.190548963546753
50,number epochs,50,5.59245397567749,5.190548963546753
51,learning_rate,1e-05,5.999297704696655,5.665793089866638
51,momentum,0.1,5.999297704696655,5.665793089866638
51,weight_decay,0.005,5.999297704696655,5.665793089866638
51,number epochs,200,5.999297704696655,5.665793089866638
52,learning_rate,0.1,5.482668946584066,5.217990544637044
52,momentum,1,5.482668946584066,5.217990544637044
52,weight_decay,0.1,5.482668946584066,5.217990544637044
52,number epochs,150,5.482668946584066,5.217990544637044
53,learning_rate,1e-05,6.152464771270752,5.8705591888427735
53,momentum,0.1,6.152464771270752,5.8705591888427735
53,weight_decay,0.005,6.152464771270752,5.8705591888427735
53,number epochs,250,6.152464771270752,5.8705591888427735
54,learning_rate,1e-05,5.481913095474243,5.230842519760132
54,momentum,0.95,5.481913095474243,5.230842519760132
54,weight_decay,0.1,5.481913095474243,5.230842519760132
54,number epochs,250,5.481913095474243,5.230842519760132
55,learning_rate,0.01,6.5113090229034425,6.085187997817993
55,momentum,0.3,6.5113090229034425,6.085187997817993
55,weight_decay,0.005,6.5113090229034425,6.085187997817993
55,number epochs,50,6.5113090229034425,6.085187997817993
56,learning_rate,0.001,5.909070081710816,5.558953232765198
56,momentum,0.3,5.909070081710816,5.558953232765198
56,weight_decay,0.0005,5.909070081710816,5.558953232765198
56,number epochs,100,5.909070081710816,5.558953232765198
57,learning_rate,0.0001,5.404589166641236,5.141496996879578
57,momentum,0.3,5.404589166641236,5.141496996879578
57,weight_decay,0.1,5.404589166641236,5.141496996879578
57,number epochs,100,5.404589166641236,5.141496996879578
58,learning_rate,1e-05,5.567858753204345,5.211050267219544
58,momentum,1,5.567858753204345,5.211050267219544
58,weight_decay,0.0005,5.567858753204345,5.211050267219544
58,number epochs,100,5.567858753204345,5.211050267219544
59,learning_rate,1e-05,5.775336012840271,5.401549744606018
59,momentum,1,5.775336012840271,5.401549744606018
59,weight_decay,0.0005,5.775336012840271,5.401549744606018
59,number epochs,100,5.775336012840271,5.401549744606018
60,learning_rate,0.0001,5.4765889377593995,5.200602579116821
60,momentum,0.7,5.4765889377593995,5.200602579116821
60,weight_decay,0.005,5.4765889377593995,5.200602579116821
60,number epochs,250,5.4765889377593995,5.200602579116821
61,learning_rate,0.01,5.88505402803421,5.551727511882782
61,momentum,0.3,5.88505402803421,5.551727511882782
61,weight_decay,0.0005,5.88505402803421,5.551727511882782
61,number epochs,200,5.88505402803421,5.551727511882782
62,learning_rate,0.01,5.769374563217163,5.4444732646942136
62,momentum,0.7,5.769374563217163,5.4444732646942136
62,weight_decay,0.01,5.769374563217163,5.4444732646942136
62,number epochs,250,5.769374563217163,5.4444732646942136
63,learning_rate,0.01,5.449709491729736,5.142939504623413
63,momentum,1,5.449709491729736,5.142939504623413
63,weight_decay,0.0005,5.449709491729736,5.142939504623413
63,number epochs,250,5.449709491729736,5.142939504623413
64,learning_rate,0.001,5.379830117225647,5.1083409786224365
64,momentum,0.3,5.379830117225647,5.1083409786224365
64,weight_decay,0.005,5.379830117225647,5.1083409786224365
64,number epochs,100,5.379830117225647,5.1083409786224365
65,learning_rate,1e-05,5.633625655174256,5.24867835521698
65,momentum,0.3,5.633625655174256,5.24867835521698
65,weight_decay,0.01,5.633625655174256,5.24867835521698
65,number epochs,200,5.633625655174256,5.24867835521698
66,learning_rate,0.0001,5.316337894439697,5.033578104019165
66,momentum,0.3,5.316337894439697,5.033578104019165
66,weight_decay,0.005,5.316337894439697,5.033578104019165
66,number epochs,250,5.316337894439697,5.033578104019165
67,learning_rate,0.001,5.639828691482544,5.322528991699219
67,momentum,1,5.639828691482544,5.322528991699219
67,weight_decay,0.005,5.639828691482544,5.322528991699219
67,number epochs,50,5.639828691482544,5.322528991699219
68,learning_rate,1e-05,5.432212844848633,5.159084190368652
68,momentum,0.7,5.432212844848633,5.159084190368652
68,weight_decay,0.01,5.432212844848633,5.159084190368652
68,number epochs,250,5.432212844848633,5.159084190368652
69,learning_rate,0.01,5.739079219818115,5.393607629776001
69,momentum,0.5,5.739079219818115,5.393607629776001
69,weight_decay,0.0005,5.739079219818115,5.393607629776001
69,number epochs,250,5.739079219818115,5.393607629776001
70,learning_rate,1e-05,6.387066793441773,6.097805681228638
70,momentum,0.5,6.387066793441773,6.097805681228638
70,weight_decay,0.01,6.387066793441773,6.097805681228638
70,number epochs,50,6.387066793441773,6.097805681228638
71,learning_rate,0.001,5.822966680526734,5.536507482528687
71,momentum,0.7,5.822966680526734,5.536507482528687
71,weight_decay,0.1,5.822966680526734,5.536507482528687
71,number epochs,50,5.822966680526734,5.536507482528687
72,learning_rate,0.001,6.187697114944458,5.823834326267242
72,momentum,0.95,6.187697114944458,5.823834326267242
72,weight_decay,0.1,6.187697114944458,5.823834326267242
72,number epochs,200,6.187697114944458,5.823834326267242
73,learning_rate,0.1,5.540321896076202,5.2827566981315615
73,momentum,1,5.540321896076202,5.2827566981315615
73,weight_decay,0.005,5.540321896076202,5.2827566981315615
73,number epochs,200,5.540321896076202,5.2827566981315615
74,learning_rate,0.01,5.908028888702392,5.749014720916748
74,momentum,1,5.908028888702392,5.749014720916748
74,weight_decay,0.0005,5.908028888702392,5.749014720916748
74,number epochs,50,5.908028888702392,5.749014720916748
75,learning_rate,0.1,5.2775957393646244,5.069484243392944
75,momentum,0.05,5.2775957393646244,5.069484243392944
75,weight_decay,0.005,5.2775957393646244,5.069484243392944
75,number epochs,50,5.2775957393646244,5.069484243392944
76,learning_rate,0.1,5.8434144353866575,5.520215406417846
76,momentum,1,5.8434144353866575,5.520215406417846
76,weight_decay,0.0005,5.8434144353866575,5.520215406417846
76,number epochs,100,5.8434144353866575,5.520215406417846
77,learning_rate,0.0001,5.63055748462677,5.267724719047546
77,momentum,0.95,5.63055748462677,5.267724719047546
77,weight_decay,0.005,5.63055748462677,5.267724719047546
77,number epochs,200,5.63055748462677,5.267724719047546
78,learning_rate,1e-05,5.962745666503906,5.565078179836274
78,momentum,0.95,5.962745666503906,5.565078179836274
78,weight_decay,0.0005,5.962745666503906,5.565078179836274
78,number epochs,200,5.962745666503906,5.565078179836274
79,learning_rate,0.01,5.451482880115509,5.190443413257599
79,momentum,0.3,5.451482880115509,5.190443413257599
79,weight_decay,0.005,5.451482880115509,5.190443413257599
79,number epochs,200,5.451482880115509,5.190443413257599
80,learning_rate,0.0001,5.558519932428996,5.183124202092489
80,momentum,0.1,5.558519932428996,5.183124202092489
80,weight_decay,0.1,5.558519932428996,5.183124202092489
80,number epochs,150,5.558519932428996,5.183124202092489
81,learning_rate,0.001,5.571235013008118,5.206109418869018
81,momentum,1,5.571235013008118,5.206109418869018
81,weight_decay,0.0005,5.571235013008118,5.206109418869018
81,number epochs,100,5.571235013008118,5.206109418869018
82,learning_rate,0.01,5.6352710469563805,5.242280858357748
82,momentum,0.7,5.6352710469563805,5.242280858357748
82,weight_decay,0.005,5.6352710469563805,5.242280858357748
82,number epochs,150,5.6352710469563805,5.242280858357748
83,learning_rate,1e-05,5.0181786155700685,4.786502089500427
83,momentum,0.3,5.0181786155700685,4.786502089500427
83,weight_decay,0.1,5.0181786155700685,4.786502089500427
83,number epochs,100,5.0181786155700685,4.786502089500427
84,learning_rate,0.0001,5.969543682098388,5.676816211700439
84,momentum,0.3,5.969543682098388,5.676816211700439
84,weight_decay,0.005,5.969543682098388,5.676816211700439
84,number epochs,250,5.969543682098388,5.676816211700439
85,learning_rate,1e-05,6.108731079101562,5.831886151631673
85,momentum,0.95,6.108731079101562,5.831886151631673
85,weight_decay,0.1,6.108731079101562,5.831886151631673
85,number epochs,150,6.108731079101562,5.831886151631673
86,learning_rate,0.001,5.853208541870117,5.5196836509704585
86,momentum,0.5,5.853208541870117,5.5196836509704585
86,weight_decay,0.01,5.853208541870117,5.5196836509704585
86,number epochs,250,5.853208541870117,5.5196836509704585
87,learning_rate,0.0001,5.610200700759887,5.255679054260254
87,momentum,0.3,5.610200700759887,5.255679054260254
87,weight_decay,0.005,5.610200700759887,5.255679054260254
87,number epochs,50,5.610200700759887,5.255679054260254
88,learning_rate,0.1,5.573012781143189,5.240856602191925
88,momentum,0.05,5.573012781143189,5.240856602191925
88,weight_decay,0.0005,5.573012781143189,5.240856602191925
88,number epochs,200,5.573012781143189,5.240856602191925
89,learning_rate,0.001,5.698047538757324,5.355416776657105
89,momentum,0.1,5.698047538757324,5.355416776657105
89,weight_decay,0.005,5.698047538757324,5.355416776657105
89,number epochs,250,5.698047538757324,5.355416776657105
90,learning_rate,0.01,5.654229755401611,5.298639554977417
90,momentum,0.7,5.654229755401611,5.298639554977417
90,weight_decay,0.01,5.654229755401611,5.298639554977417
90,number epochs,100,5.654229755401611,5.298639554977417
91,learning_rate,0.001,5.718252778053284,5.349273743629456
91,momentum,0.7,5.718252778053284,5.349273743629456
91,weight_decay,0.01,5.718252778053284,5.349273743629456
91,number epochs,100,5.718252778053284,5.349273743629456
92,learning_rate,0.001,6.170283527374267,5.714876050949097
92,momentum,0.3,6.170283527374267,5.714876050949097
92,weight_decay,0.005,6.170283527374267,5.714876050949097
92,number epochs,50,6.170283527374267,5.714876050949097
93,learning_rate,0.1,6.1527141571044925,5.8259861326217655
93,momentum,0.1,6.1527141571044925,5.8259861326217655
93,weight_decay,0.01,6.1527141571044925,5.8259861326217655
93,number epochs,100,6.1527141571044925,5.8259861326217655
94,learning_rate,1e-05,5.623507513999939,5.30581536769867
94,momentum,0.3,5.623507513999939,5.30581536769867
94,weight_decay,0.01,5.623507513999939,5.30581536769867
94,number epochs,100,5.623507513999939,5.30581536769867
95,learning_rate,1e-05,5.424035744667053,5.111902923583984
95,momentum,0.3,5.424035744667053,5.111902923583984
95,weight_decay,0.1,5.424035744667053,5.111902923583984
95,number epochs,100,5.424035744667053,5.111902923583984
96,learning_rate,1e-05,5.220060791015625,4.987761016845703
96,momentum,1,5.220060791015625,4.987761016845703
96,weight_decay,0.01,5.220060791015625,4.987761016845703
96,number epochs,250,5.220060791015625,4.987761016845703
97,learning_rate,0.01,5.827883439064026,5.496659111976624
97,momentum,0.3,5.827883439064026,5.496659111976624
97,weight_decay,0.005,5.827883439064026,5.496659111976624
97,number epochs,100,5.827883439064026,5.496659111976624
98,learning_rate,0.0001,5.50564133644104,5.116256613731384
98,momentum,0.95,5.50564133644104,5.116256613731384
98,weight_decay,0.0005,5.50564133644104,5.116256613731384
98,number epochs,100,5.50564133644104,5.116256613731384
99,learning_rate,0.1,6.391550671259562,6.099771661758423
99,momentum,0.7,6.391550671259562,6.099771661758423
99,weight_decay,0.005,6.391550671259562,6.099771661758423
99,number epochs,150,6.391550671259562,6.099771661758423
100,learning_rate,1e-05,5.8398060054779055,5.470529018402099
100,momentum,0.95,5.8398060054779055,5.470529018402099
100,weight_decay,0.1,5.8398060054779055,5.470529018402099
100,number epochs,250,5.8398060054779055,5.470529018402099
101,learning_rate,0.01,5.628466844558716,5.390454931259155
101,momentum,0.05,5.628466844558716,5.390454931259155
101,weight_decay,0.1,5.628466844558716,5.390454931259155
101,number epochs,50,5.628466844558716,5.390454931259155
102,learning_rate,0.1,5.933489370346069,5.506852226257324
102,momentum,0.1,5.933489370346069,5.506852226257324
102,weight_decay,0.0005,5.933489370346069,5.506852226257324
102,number epochs,50,5.933489370346069,5.506852226257324
103,learning_rate,0.001,5.2944561386108395,4.958171424865722
103,momentum,0.3,5.2944561386108395,4.958171424865722
103,weight_decay,0.1,5.2944561386108395,4.958171424865722
103,number epochs,100,5.2944561386108395,4.958171424865722
104,learning_rate,1e-05,5.388026736577352,5.055844678878784
104,momentum,0.3,5.388026736577352,5.055844678878784
104,weight_decay,0.01,5.388026736577352,5.055844678878784
104,number epochs,150,5.388026736577352,5.055844678878784
105,learning_rate,0.001,5.609511342048645,5.41849488735199
105,momentum,1,5.609511342048645,5.41849488735199
105,weight_decay,0.0005,5.609511342048645,5.41849488735199
105,number epochs,100,5.609511342048645,5.41849488735199
106,learning_rate,0.001,6.145558576583863,5.738834848403931
106,momentum,0.3,6.145558576583863,5.738834848403931
106,weight_decay,0.0005,6.145558576583863,5.738834848403931
106,number epochs,100,6.145558576583863,5.738834848403931
107,learning_rate,1e-05,5.910994017918904,5.589480326970418
107,momentum,0.95,5.910994017918904,5.589480326970418
107,weight_decay,0.005,5.910994017918904,5.589480326970418
107,number epochs,150,5.910994017918904,5.589480326970418
108,learning_rate,1e-05,5.536406946182251,5.1387058353424075
108,momentum,0.05,5.536406946182251,5.1387058353424075
108,weight_decay,0.01,5.536406946182251,5.1387058353424075
108,number epochs,100,5.536406946182251,5.1387058353424075
109,learning_rate,0.001,5.852796615600586,5.523103158950805
109,momentum,1,5.852796615600586,5.523103158950805
109,weight_decay,0.0005,5.852796615600586,5.523103158950805
109,number epochs,250,5.852796615600586,5.523103158950805
110,learning_rate,0.01,6.2093693327903745,5.769309248924255
110,momentum,1,6.2093693327903745,5.769309248924255
110,weight_decay,0.005,6.2093693327903745,5.769309248924255
110,number epochs,200,6.2093693327903745,5.769309248924255
111,learning_rate,0.0001,5.702517160415649,5.388478290557861
111,momentum,0.3,5.702517160415649,5.388478290557861
111,weight_decay,0.01,5.702517160415649,5.388478290557861
111,number epochs,250,5.702517160415649,5.388478290557861
112,learning_rate,0.1,5.65869836807251,5.40628490447998
112,momentum,1,5.65869836807251,5.40628490447998
112,weight_decay,0.005,5.65869836807251,5.40628490447998
112,number epochs,50,5.65869836807251,5.40628490447998
113,learning_rate,1e-05,5.6198278379440305,5.251579608917236
113,momentum,1,5.6198278379440305,5.251579608917236
113,weight_decay,0.01,5.6198278379440305,5.251579608917236
113,number epochs,100,5.6198278379440305,5.251579608917236
114,learning_rate,1e-05,5.338447399139405,5.093098861694336
114,momentum,0.3,5.338447399139405,5.093098861694336
114,weight_decay,0.01,5.338447399139405,5.093098861694336
114,number epochs,250,5.338447399139405,5.093098861694336
115,learning_rate,0.01,5.876219863891602,5.507180504798889
115,momentum,0.3,5.876219863891602,5.507180504798889
115,weight_decay,0.005,5.876219863891602,5.507180504798889
115,number epochs,200,5.876219863891602,5.507180504798889
116,learning_rate,0.01,6.307078542709351,5.800342302322388
116,momentum,0.3,6.307078542709351,5.800342302322388
116,weight_decay,0.01,6.307078542709351,5.800342302322388
116,number epochs,50,6.307078542709351,5.800342302322388
117,learning_rate,0.0001,6.092254044214885,5.753916037877401
117,momentum,0.7,6.092254044214885,5.753916037877401
117,weight_decay,0.0005,6.092254044214885,5.753916037877401
117,number epochs,150,6.092254044214885,5.753916037877401
118,learning_rate,1e-05,5.502751846313476,5.142622556686401
118,momentum,0.1,5.502751846313476,5.142622556686401
118,weight_decay,0.01,5.502751846313476,5.142622556686401
118,number epochs,150,5.502751846313476,5.142622556686401
119,learning_rate,0.001,5.296149482727051,5.055583543777466
119,momentum,0.1,5.296149482727051,5.055583543777466
119,weight_decay,0.01,5.296149482727051,5.055583543777466
119,number epochs,50,5.296149482727051,5.055583543777466
120,learning_rate,1e-05,5.4187646560668945,5.091984468460083
120,momentum,0.3,5.4187646560668945,5.091984468460083
120,weight_decay,0.1,5.4187646560668945,5.091984468460083
120,number epochs,250,5.4187646560668945,5.091984468460083
121,learning_rate,0.01,6.260364086151123,5.895634159088135
121,momentum,0.1,6.260364086151123,5.895634159088135
121,weight_decay,0.01,6.260364086151123,5.895634159088135
121,number epochs,250,6.260364086151123,5.895634159088135
122,learning_rate,0.1,5.38985963344574,5.0566275024414065
122,momentum,0.3,5.38985963344574,5.0566275024414065
122,weight_decay,0.1,5.38985963344574,5.0566275024414065
122,number epochs,100,5.38985963344574,5.0566275024414065
123,learning_rate,0.0001,5.854915422439575,5.590829477310181
123,momentum,0.05,5.854915422439575,5.590829477310181
123,weight_decay,0.01,5.854915422439575,5.590829477310181
123,number epochs,250,5.854915422439575,5.590829477310181
124,learning_rate,0.001,5.351065292358398,5.074851551055908
124,momentum,0.3,5.351065292358398,5.074851551055908
124,weight_decay,0.1,5.351065292358398,5.074851551055908
124,number epochs,50,5.351065292358398,5.074851551055908
125,learning_rate,0.001,5.297252855300903,4.946481652259827
125,momentum,1,5.297252855300903,4.946481652259827
125,weight_decay,0.005,5.297252855300903,4.946481652259827
125,number epochs,100,5.297252855300903,4.946481652259827
126,learning_rate,0.1,5.642100086212158,5.286082824071248
126,momentum,1,5.642100086212158,5.286082824071248
126,weight_decay,0.0005,5.642100086212158,5.286082824071248
126,number epochs,150,5.642100086212158,5.286082824071248
127,learning_rate,0.0001,5.624547250747681,5.263218616485596
127,momentum,1,5.624547250747681,5.263218616485596
127,weight_decay,0.0005,5.624547250747681,5.263218616485596
127,number epochs,250,5.624547250747681,5.263218616485596
128,learning_rate,0.0001,5.604723747253418,5.321934591293335
128,momentum,0.3,5.604723747253418,5.321934591293335
128,weight_decay,0.005,5.604723747253418,5.321934591293335
128,number epochs,250,5.604723747253418,5.321934591293335
129,learning_rate,1e-05,6.227239246368408,5.901942426681519
129,momentum,1,6.227239246368408,5.901942426681519
129,weight_decay,0.01,6.227239246368408,5.901942426681519
129,number epochs,250,6.227239246368408,5.901942426681519
130,learning_rate,1e-05,5.9602896531422935,5.621457907358805
130,momentum,0.3,5.9602896531422935,5.621457907358805
130,weight_decay,0.005,5.9602896531422935,5.621457907358805
130,number epochs,150,5.9602896531422935,5.621457907358805
131,learning_rate,1e-05,5.797757029533386,5.393220429420471
131,momentum,0.3,5.797757029533386,5.393220429420471
131,weight_decay,0.01,5.797757029533386,5.393220429420471
131,number epochs,100,5.797757029533386,5.393220429420471
132,learning_rate,0.01,5.800892297744751,5.573066905975342
132,momentum,0.3,5.800892297744751,5.573066905975342
132,weight_decay,0.1,5.800892297744751,5.573066905975342
132,number epochs,250,5.800892297744751,5.573066905975342
133,learning_rate,1e-05,5.673324369430542,5.3537198848724366
133,momentum,0.7,5.673324369430542,5.3537198848724366
133,weight_decay,0.0005,5.673324369430542,5.3537198848724366
133,number epochs,250,5.673324369430542,5.3537198848724366
134,learning_rate,1e-05,5.877462685108185,5.557377264499665
134,momentum,0.3,5.877462685108185,5.557377264499665
134,weight_decay,0.01,5.877462685108185,5.557377264499665
134,number epochs,200,5.877462685108185,5.557377264499665
135,learning_rate,1e-05,5.927982988357544,5.720424375534058
135,momentum,0.3,5.927982988357544,5.720424375534058
135,weight_decay,0.1,5.927982988357544,5.720424375534058
135,number epochs,50,5.927982988357544,5.720424375534058
136,learning_rate,0.001,5.595625762939453,5.386773386001587
136,momentum,0.5,5.595625762939453,5.386773386001587
136,weight_decay,0.005,5.595625762939453,5.386773386001587
136,number epochs,100,5.595625762939453,5.386773386001587
137,learning_rate,0.01,5.442905714035034,5.054583969116211
137,momentum,0.3,5.442905714035034,5.054583969116211
137,weight_decay,0.005,5.442905714035034,5.054583969116211
137,number epochs,250,5.442905714035034,5.054583969116211
138,learning_rate,0.01,5.727581481933594,5.35866843700409
138,momentum,0.7,5.727581481933594,5.35866843700409
138,weight_decay,0.1,5.727581481933594,5.35866843700409
138,number epochs,100,5.727581481933594,5.35866843700409
139,learning_rate,1e-05,5.849468933741251,5.4839087518056235
139,momentum,0.7,5.849468933741251,5.4839087518056235
139,weight_decay,0.01,5.849468933741251,5.4839087518056235
139,number epochs,150,5.849468933741251,5.4839087518056235
140,learning_rate,0.1,5.707815806070964,5.414113152821859
140,momentum,0.05,5.707815806070964,5.414113152821859
140,weight_decay,0.1,5.707815806070964,5.414113152821859
140,number epochs,150,5.707815806070964,5.414113152821859
141,learning_rate,1e-05,5.663740060329437,5.315915312767029
141,momentum,0.3,5.663740060329437,5.315915312767029
141,weight_decay,0.005,5.663740060329437,5.315915312767029
141,number epochs,200,5.663740060329437,5.315915312767029
142,learning_rate,1e-05,5.621184968948365,5.374678230285644
142,momentum,1,5.621184968948365,5.374678230285644
142,weight_decay,0.0005,5.621184968948365,5.374678230285644
142,number epochs,100,5.621184968948365,5.374678230285644
143,learning_rate,1e-05,5.377138565063476,5.060335300445557
143,momentum,0.3,5.377138565063476,5.060335300445557
143,weight_decay,0.1,5.377138565063476,5.060335300445557
143,number epochs,250,5.377138565063476,5.060335300445557
144,learning_rate,0.01,5.760311012268066,5.453768768310547
144,momentum,1,5.760311012268066,5.453768768310547
144,weight_decay,0.005,5.760311012268066,5.453768768310547
144,number epochs,250,5.760311012268066,5.453768768310547
145,learning_rate,1e-05,6.1417398948669435,5.850886178970337
145,momentum,0.1,6.1417398948669435,5.850886178970337
145,weight_decay,0.1,6.1417398948669435,5.850886178970337
145,number epochs,250,6.1417398948669435,5.850886178970337
146,learning_rate,0.001,5.883431623458862,5.460184017181397
146,momentum,0.3,5.883431623458862,5.460184017181397
146,weight_decay,0.005,5.883431623458862,5.460184017181397
146,number epochs,250,5.883431623458862,5.460184017181397
147,learning_rate,0.01,5.709775695800781,5.413008074760437
147,momentum,1,5.709775695800781,5.413008074760437
147,weight_decay,0.0005,5.709775695800781,5.413008074760437
147,number epochs,200,5.709775695800781,5.413008074760437
148,learning_rate,0.1,5.739481870651245,5.4648278541564945
148,momentum,0.3,5.739481870651245,5.4648278541564945
148,weight_decay,0.01,5.739481870651245,5.4648278541564945
148,number epochs,250,5.739481870651245,5.4648278541564945
149,learning_rate,0.0001,5.62863796710968,5.213031935691833
149,momentum,0.3,5.62863796710968,5.213031935691833
149,weight_decay,0.0005,5.62863796710968,5.213031935691833
149,number epochs,200,5.62863796710968,5.213031935691833
150,learning_rate,0.1,6.1293124580383305,5.783595170974731
150,momentum,0.3,6.1293124580383305,5.783595170974731
150,weight_decay,0.01,6.1293124580383305,5.783595170974731
150,number epochs,100,6.1293124580383305,5.783595170974731
151,learning_rate,0.01,5.307937898635864,4.949644212722778
151,momentum,0.3,5.307937898635864,4.949644212722778
151,weight_decay,0.1,5.307937898635864,4.949644212722778
151,number epochs,50,5.307937898635864,4.949644212722778
152,learning_rate,0.01,6.158914368152619,5.792686443328858
152,momentum,0.7,6.158914368152619,5.792686443328858
152,weight_decay,0.1,6.158914368152619,5.792686443328858
152,number epochs,200,6.158914368152619,5.792686443328858
153,learning_rate,0.01,5.796969742774963,5.501269960403443
153,momentum,0.3,5.796969742774963,5.501269960403443
153,weight_decay,0.005,5.796969742774963,5.501269960403443
153,number epochs,100,5.796969742774963,5.501269960403443
154,learning_rate,0.1,5.653021965026856,5.255700674057007
154,momentum,0.05,5.653021965026856,5.255700674057007
154,weight_decay,0.005,5.653021965026856,5.255700674057007
154,number epochs,50,5.653021965026856,5.255700674057007
155,learning_rate,0.0001,5.638500254154206,5.387375836372375
155,momentum,0.95,5.638500254154206,5.387375836372375
155,weight_decay,0.1,5.638500254154206,5.387375836372375
155,number epochs,200,5.638500254154206,5.387375836372375
156,learning_rate,1e-05,5.304109217325847,4.941798661549886
156,momentum,0.3,5.304109217325847,4.941798661549886
156,weight_decay,0.005,5.304109217325847,4.941798661549886
156,number epochs,150,5.304109217325847,4.941798661549886
157,learning_rate,0.1,5.7598558616638185,5.589655294418335
157,momentum,0.3,5.7598558616638185,5.589655294418335
157,weight_decay,0.01,5.7598558616638185,5.589655294418335
157,number epochs,50,5.7598558616638185,5.589655294418335
158,learning_rate,1e-05,5.612229415893554,5.34953685760498
158,momentum,0.3,5.612229415893554,5.34953685760498
158,weight_decay,0.01,5.612229415893554,5.34953685760498
158,number epochs,250,5.612229415893554,5.34953685760498
159,learning_rate,0.001,5.4724299788475035,5.212303555011749
159,momentum,1,5.4724299788475035,5.212303555011749
159,weight_decay,0.1,5.4724299788475035,5.212303555011749
159,number epochs,200,5.4724299788475035,5.212303555011749
160,learning_rate,1e-05,5.885064474741617,5.640382267634074
160,momentum,0.7,5.885064474741617,5.640382267634074
160,weight_decay,0.01,5.885064474741617,5.640382267634074
160,number epochs,150,5.885064474741617,5.640382267634074
161,learning_rate,0.1,5.91381431388855,5.54375040435791
161,momentum,1,5.91381431388855,5.54375040435791
161,weight_decay,0.01,5.91381431388855,5.54375040435791
161,number epochs,250,5.91381431388855,5.54375040435791
162,learning_rate,1e-05,5.769591345787048,5.45109224319458
162,momentum,0.3,5.769591345787048,5.45109224319458
162,weight_decay,0.005,5.769591345787048,5.45109224319458
162,number epochs,100,5.769591345787048,5.45109224319458
163,learning_rate,0.1,5.386972185770671,5.117552620569865
163,momentum,0.3,5.386972185770671,5.117552620569865
163,weight_decay,0.005,5.386972185770671,5.117552620569865
163,number epochs,150,5.386972185770671,5.117552620569865
164,learning_rate,1e-05,5.619456815719604,5.253387842178345
164,momentum,0.05,5.619456815719604,5.253387842178345
164,weight_decay,0.1,5.619456815719604,5.253387842178345
164,number epochs,50,5.619456815719604,5.253387842178345
165,learning_rate,0.0001,5.807081441879273,5.560995397567749
165,momentum,0.5,5.807081441879273,5.560995397567749
165,weight_decay,0.0005,5.807081441879273,5.560995397567749
165,number epochs,100,5.807081441879273,5.560995397567749
166,learning_rate,0.001,5.899726247787475,5.509487884044647
166,momentum,0.7,5.899726247787475,5.509487884044647
166,weight_decay,0.005,5.899726247787475,5.509487884044647
166,number epochs,200,5.899726247787475,5.509487884044647
167,learning_rate,0.001,5.500812935829162,5.265546731948852
167,momentum,0.1,5.500812935829162,5.265546731948852
167,weight_decay,0.01,5.500812935829162,5.265546731948852
167,number epochs,100,5.500812935829162,5.265546731948852
168,learning_rate,1e-05,5.716419471740723,5.52136939239502
168,momentum,1,5.716419471740723,5.52136939239502
168,weight_decay,0.0005,5.716419471740723,5.52136939239502
168,number epochs,250,5.716419471740723,5.52136939239502
169,learning_rate,1e-05,6.337104797363281,6.078364100456238
169,momentum,0.5,6.337104797363281,6.078364100456238
169,weight_decay,0.1,6.337104797363281,6.078364100456238
169,number epochs,100,6.337104797363281,6.078364100456238
170,learning_rate,0.1,5.400022575378418,5.142313791275025
170,momentum,0.1,5.400022575378418,5.142313791275025
170,weight_decay,0.005,5.400022575378418,5.142313791275025
170,number epochs,250,5.400022575378418,5.142313791275025
171,learning_rate,1e-05,5.96233744430542,5.61326930809021
171,momentum,1,5.96233744430542,5.61326930809021
171,weight_decay,0.0005,5.96233744430542,5.61326930809021
171,number epochs,250,5.96233744430542,5.61326930809021
172,learning_rate,1e-05,5.672377630233765,5.3478897666931156
172,momentum,1,5.672377630233765,5.3478897666931156
172,weight_decay,0.1,5.672377630233765,5.3478897666931156
172,number epochs,250,5.672377630233765,5.3478897666931156
173,learning_rate,0.001,5.470928092002868,5.184605312347412
173,momentum,0.1,5.470928092002868,5.184605312347412
173,weight_decay,0.1,5.470928092002868,5.184605312347412
173,number epochs,200,5.470928092002868,5.184605312347412
174,learning_rate,0.001,6.311605920791626,6.015507726669312
174,momentum,0.3,6.311605920791626,6.015507726669312
174,weight_decay,0.1,6.311605920791626,6.015507726669312
174,number epochs,50,6.311605920791626,6.015507726669312
175,learning_rate,0.01,5.236464109420776,4.917885910669963
175,momentum,1,5.236464109420776,4.917885910669963
175,weight_decay,0.005,5.236464109420776,4.917885910669963
175,number epochs,150,5.236464109420776,4.917885910669963
176,learning_rate,0.1,5.511655694961548,5.2346263580322265
176,momentum,0.3,5.511655694961548,5.2346263580322265
176,weight_decay,0.005,5.511655694961548,5.2346263580322265
176,number epochs,250,5.511655694961548,5.2346263580322265
177,learning_rate,0.1,5.585190382003784,5.3798482131958005
177,momentum,0.3,5.585190382003784,5.3798482131958005
177,weight_decay,0.01,5.585190382003784,5.3798482131958005
177,number epochs,50,5.585190382003784,5.3798482131958005
178,learning_rate,1e-05,5.663515233993531,5.405710073471069
178,momentum,0.3,5.663515233993531,5.405710073471069
178,weight_decay,0.1,5.663515233993531,5.405710073471069
178,number epochs,250,5.663515233993531,5.405710073471069
179,learning_rate,0.001,5.622814998626709,5.307312073707581
179,momentum,0.1,5.622814998626709,5.307312073707581
179,weight_decay,0.1,5.622814998626709,5.307312073707581
179,number epochs,100,5.622814998626709,5.307312073707581
180,learning_rate,0.01,5.421758237838745,5.096260837554931
180,momentum,1,5.421758237838745,5.096260837554931
180,weight_decay,0.005,5.421758237838745,5.096260837554931
180,number epochs,250,5.421758237838745,5.096260837554931
181,learning_rate,0.001,5.371035633087158,5.320510654449463
181,momentum,0.1,5.371035633087158,5.320510654449463
181,weight_decay,0.1,5.371035633087158,5.320510654449463
181,number epochs,50,5.371035633087158,5.320510654449463
182,learning_rate,0.1,5.92630220413208,5.793304424285889
182,momentum,0.1,5.92630220413208,5.793304424285889
182,weight_decay,0.1,5.92630220413208,5.793304424285889
182,number epochs,50,5.92630220413208,5.793304424285889
183,learning_rate,1e-05,5.3910465025901795,5.1610989451408384
183,momentum,0.1,5.3910465025901795,5.1610989451408384
183,weight_decay,0.1,5.3910465025901795,5.1610989451408384
183,number epochs,200,5.3910465025901795,5.1610989451408384
184,learning_rate,0.1,5.379690232276917,5.1114241409301755
184,momentum,0.05,5.379690232276917,5.1114241409301755
184,weight_decay,0.1,5.379690232276917,5.1114241409301755
184,number epochs,100,5.379690232276917,5.1114241409301755
185,learning_rate,0.001,5.490485000610351,5.198988790512085
185,momentum,0.3,5.490485000610351,5.198988790512085
185,weight_decay,0.0005,5.490485000610351,5.198988790512085
185,number epochs,50,5.490485000610351,5.198988790512085
186,learning_rate,1e-05,6.0238010025024415,5.694417240142823
186,momentum,0.3,6.0238010025024415,5.694417240142823
186,weight_decay,0.1,6.0238010025024415,5.694417240142823
186,number epochs,250,6.0238010025024415,5.694417240142823
187,learning_rate,0.001,6.021657047271728,5.685928936004639
187,momentum,0.3,6.021657047271728,5.685928936004639
187,weight_decay,0.1,6.021657047271728,5.685928936004639
187,number epochs,50,6.021657047271728,5.685928936004639
188,learning_rate,0.1,5.38512864112854,5.161981928348541
188,momentum,0.3,5.38512864112854,5.161981928348541
188,weight_decay,0.1,5.38512864112854,5.161981928348541
188,number epochs,200,5.38512864112854,5.161981928348541
189,learning_rate,1e-05,5.639766702651977,5.279387331008911
189,momentum,1,5.639766702651977,5.279387331008911
189,weight_decay,0.1,5.639766702651977,5.279387331008911
189,number epochs,50,5.639766702651977,5.279387331008911
190,learning_rate,1e-05,5.290556891759237,4.94640806833903
190,momentum,0.95,5.290556891759237,4.94640806833903
190,weight_decay,0.0005,5.290556891759237,4.94640806833903
190,number epochs,150,5.290556891759237,4.94640806833903
191,learning_rate,0.1,6.12858521938324,5.835358562469483
191,momentum,0.05,6.12858521938324,5.835358562469483
191,weight_decay,0.005,6.12858521938324,5.835358562469483
191,number epochs,200,6.12858521938324,5.835358562469483
192,learning_rate,0.1,5.586460695266724,5.376381842295329
192,momentum,0.3,5.586460695266724,5.376381842295329
192,weight_decay,0.01,5.586460695266724,5.376381842295329
192,number epochs,150,5.586460695266724,5.376381842295329
193,learning_rate,0.001,5.803263244628906,5.571822237968445
193,momentum,0.95,5.803263244628906,5.571822237968445
193,weight_decay,0.005,5.803263244628906,5.571822237968445
193,number epochs,100,5.803263244628906,5.571822237968445
194,learning_rate,1e-05,5.748699380874633,5.456667779922485
194,momentum,0.3,5.748699380874633,5.456667779922485
194,weight_decay,0.1,5.748699380874633,5.456667779922485
194,number epochs,250,5.748699380874633,5.456667779922485
195,learning_rate,1e-05,6.256499662399292,5.879939823150635
195,momentum,0.1,6.256499662399292,5.879939823150635
195,weight_decay,0.01,6.256499662399292,5.879939823150635
195,number epochs,250,6.256499662399292,5.879939823150635
196,learning_rate,0.01,5.678925151824951,5.409683332443238
196,momentum,0.3,5.678925151824951,5.409683332443238
196,weight_decay,0.1,5.678925151824951,5.409683332443238
196,number epochs,50,5.678925151824951,5.409683332443238
197,learning_rate,0.1,6.056102752685547,5.684018759727478
197,momentum,0.3,6.056102752685547,5.684018759727478
197,weight_decay,0.1,6.056102752685547,5.684018759727478
197,number epochs,100,6.056102752685547,5.684018759727478
198,learning_rate,0.001,5.5377477963765465,5.233510233561198
198,momentum,0.1,5.5377477963765465,5.233510233561198
198,weight_decay,0.1,5.5377477963765465,5.233510233561198
198,number epochs,150,5.5377477963765465,5.233510233561198
199,learning_rate,1e-05,5.470415504455566,5.256072336196899
199,momentum,0.1,5.470415504455566,5.256072336196899
199,weight_decay,0.01,5.470415504455566,5.256072336196899
199,number epochs,250,5.470415504455566,5.256072336196899
200,learning_rate,1e-05,5.541916055679321,5.275291366577148
200,momentum,0.3,5.541916055679321,5.275291366577148
200,weight_decay,0.1,5.541916055679321,5.275291366577148
200,number epochs,100,5.541916055679321,5.275291366577148
201,learning_rate,0.1,5.493720385233561,5.1374788633982345
201,momentum,0.05,5.493720385233561,5.1374788633982345
201,weight_decay,0.005,5.493720385233561,5.1374788633982345
201,number epochs,150,5.493720385233561,5.1374788633982345
202,learning_rate,0.001,6.012436173756917,5.712056029637655
202,momentum,0.7,6.012436173756917,5.712056029637655
202,weight_decay,0.0005,6.012436173756917,5.712056029637655
202,number epochs,150,6.012436173756917,5.712056029637655
203,learning_rate,0.0001,6.037098318735758,5.697165924708049
203,momentum,0.5,6.037098318735758,5.697165924708049
203,weight_decay,0.1,6.037098318735758,5.697165924708049
203,number epochs,150,6.037098318735758,5.697165924708049
204,learning_rate,0.1,5.2848801422119145,5.07159462928772
204,momentum,0.05,5.2848801422119145,5.07159462928772
204,weight_decay,0.005,5.2848801422119145,5.07159462928772
204,number epochs,50,5.2848801422119145,5.07159462928772
205,learning_rate,1e-05,5.817102056503296,5.499278532028198
205,momentum,1,5.817102056503296,5.499278532028198
205,weight_decay,0.01,5.817102056503296,5.499278532028198
205,number epochs,250,5.817102056503296,5.499278532028198
206,learning_rate,0.001,5.549333896636963,5.264411182403564
206,momentum,0.3,5.549333896636963,5.264411182403564
206,weight_decay,0.0005,5.549333896636963,5.264411182403564
206,number epochs,50,5.549333896636963,5.264411182403564
207,learning_rate,0.001,5.667943522135417,5.412592226664225
207,momentum,0.3,5.667943522135417,5.412592226664225
207,weight_decay,0.01,5.667943522135417,5.412592226664225
207,number epochs,150,5.667943522135417,5.412592226664225
208,learning_rate,1e-05,6.123154230117798,5.6605573177337645
208,momentum,0.3,6.123154230117798,5.6605573177337645
208,weight_decay,0.01,6.123154230117798,5.6605573177337645
208,number epochs,50,6.123154230117798,5.6605573177337645
209,learning_rate,0.0001,6.405188713073731,5.990090084075928
209,momentum,0.95,6.405188713073731,5.990090084075928
209,weight_decay,0.0005,6.405188713073731,5.990090084075928
209,number epochs,100,6.405188713073731,5.990090084075928
210,learning_rate,1e-05,5.816344528198242,5.590009508132934
210,momentum,1,5.816344528198242,5.590009508132934
210,weight_decay,0.01,5.816344528198242,5.590009508132934
210,number epochs,100,5.816344528198242,5.590009508132934
211,learning_rate,0.0001,5.720470433235168,5.47634871006012
211,momentum,0.3,5.720470433235168,5.47634871006012
211,weight_decay,0.1,5.720470433235168,5.47634871006012
211,number epochs,100,5.720470433235168,5.47634871006012
212,learning_rate,0.01,5.3291509103775025,5.070871391296387
212,momentum,0.3,5.3291509103775025,5.070871391296387
212,weight_decay,0.005,5.3291509103775025,5.070871391296387
212,number epochs,100,5.3291509103775025,5.070871391296387
213,learning_rate,1e-05,5.515497356414795,5.3131765899658205
213,momentum,0.3,5.515497356414795,5.3131765899658205
213,weight_decay,0.1,5.515497356414795,5.3131765899658205
213,number epochs,250,5.515497356414795,5.3131765899658205
214,learning_rate,0.0001,5.187818422317505,4.8955344963073735
214,momentum,0.05,5.187818422317505,4.8955344963073735
214,weight_decay,0.005,5.187818422317505,4.8955344963073735
214,number epochs,100,5.187818422317505,4.8955344963073735
215,learning_rate,0.0001,5.951811601638794,5.501630449295044
215,momentum,0.3,5.951811601638794,5.501630449295044
215,weight_decay,0.01,5.951811601638794,5.501630449295044
215,number epochs,250,5.951811601638794,5.501630449295044
216,learning_rate,0.0001,5.318145547866822,5.059832061767578
216,momentum,0.3,5.318145547866822,5.059832061767578
216,weight_decay,0.01,5.318145547866822,5.059832061767578
216,number epochs,250,5.318145547866822,5.059832061767578
217,learning_rate,1e-05,5.608339681625366,5.294136867523194
217,momentum,0.3,5.608339681625366,5.294136867523194
217,weight_decay,0.005,5.608339681625366,5.294136867523194
217,number epochs,150,5.608339681625366,5.294136867523194
218,learning_rate,0.001,6.521939964294433,6.1572205924987795
218,momentum,0.3,6.521939964294433,6.1572205924987795
218,weight_decay,0.0005,6.521939964294433,6.1572205924987795
218,number epochs,50,6.521939964294433,6.1572205924987795
219,learning_rate,0.1,5.428025751113892,5.093824405670166
219,momentum,0.1,5.428025751113892,5.093824405670166
219,weight_decay,0.005,5.428025751113892,5.093824405670166
219,number epochs,50,5.428025751113892,5.093824405670166
220,learning_rate,0.001,5.719701496124268,5.4041414585113525
220,momentum,0.05,5.719701496124268,5.4041414585113525
220,weight_decay,0.1,5.719701496124268,5.4041414585113525
220,number epochs,250,5.719701496124268,5.4041414585113525
221,learning_rate,0.01,5.9132328109741215,5.511823637008667
221,momentum,0.05,5.9132328109741215,5.511823637008667
221,weight_decay,0.1,5.9132328109741215,5.511823637008667
221,number epochs,250,5.9132328109741215,5.511823637008667
222,learning_rate,1e-05,6.402131029764811,5.980859699249268
222,momentum,0.5,6.402131029764811,5.980859699249268
222,weight_decay,0.1,6.402131029764811,5.980859699249268
222,number epochs,150,6.402131029764811,5.980859699249268
223,learning_rate,0.01,5.639231481552124,5.288625974655151
223,momentum,1,5.639231481552124,5.288625974655151
223,weight_decay,0.005,5.639231481552124,5.288625974655151
223,number epochs,50,5.639231481552124,5.288625974655151
224,learning_rate,0.0001,6.0329510641098025,5.710958256721496
224,momentum,0.3,6.0329510641098025,5.710958256721496
224,weight_decay,0.005,6.0329510641098025,5.710958256721496
224,number epochs,100,6.0329510641098025,5.710958256721496
225,learning_rate,0.001,5.4398789215087895,5.046548385620117
225,momentum,0.3,5.4398789215087895,5.046548385620117
225,weight_decay,0.005,5.4398789215087895,5.046548385620117
225,number epochs,100,5.4398789215087895,5.046548385620117
226,learning_rate,0.001,5.276241369247437,4.9353905773162845
226,momentum,1,5.276241369247437,4.9353905773162845
226,weight_decay,0.0005,5.276241369247437,4.9353905773162845
226,number epochs,50,5.276241369247437,4.9353905773162845
227,learning_rate,0.01,5.621666707992554,5.358645434379578
227,momentum,0.1,5.621666707992554,5.358645434379578
227,weight_decay,0.1,5.621666707992554,5.358645434379578
227,number epochs,100,5.621666707992554,5.358645434379578
228,learning_rate,1e-05,5.93430643081665,5.5070599174499515
228,momentum,1,5.93430643081665,5.5070599174499515
228,weight_decay,0.01,5.93430643081665,5.5070599174499515
228,number epochs,50,5.93430643081665,5.5070599174499515
229,learning_rate,1e-05,5.52954496383667,5.271787570317586
229,momentum,0.05,5.52954496383667,5.271787570317586
229,weight_decay,0.005,5.52954496383667,5.271787570317586
229,number epochs,150,5.52954496383667,5.271787570317586
230,learning_rate,1e-05,6.221536359786987,5.841494159698486
230,momentum,0.1,6.221536359786987,5.841494159698486
230,weight_decay,0.1,6.221536359786987,5.841494159698486
230,number epochs,200,6.221536359786987,5.841494159698486
231,learning_rate,0.1,5.5937849712371825,5.224991436004639
231,momentum,0.05,5.5937849712371825,5.224991436004639
231,weight_decay,0.1,5.5937849712371825,5.224991436004639
231,number epochs,50,5.5937849712371825,5.224991436004639
232,learning_rate,0.1,6.004443998336792,5.70184591293335
232,momentum,0.05,6.004443998336792,5.70184591293335
232,weight_decay,0.005,6.004443998336792,5.70184591293335
232,number epochs,50,6.004443998336792,5.70184591293335
233,learning_rate,0.01,5.573087512969971,5.261561542510987
233,momentum,1,5.573087512969971,5.261561542510987
233,weight_decay,0.0005,5.573087512969971,5.261561542510987
233,number epochs,250,5.573087512969971,5.261561542510987
234,learning_rate,1e-05,5.718902263641358,5.314281244277954
234,momentum,0.1,5.718902263641358,5.314281244277954
234,weight_decay,0.1,5.718902263641358,5.314281244277954
234,number epochs,50,5.718902263641358,5.314281244277954
235,learning_rate,0.1,5.47193537902832,5.216925384521485
235,momentum,0.3,5.47193537902832,5.216925384521485
235,weight_decay,0.01,5.47193537902832,5.216925384521485
235,number epochs,250,5.47193537902832,5.216925384521485
236,learning_rate,0.01,5.941578249931336,5.643972935676575
236,momentum,0.3,5.941578249931336,5.643972935676575
236,weight_decay,0.005,5.941578249931336,5.643972935676575
236,number epochs,100,5.941578249931336,5.643972935676575
237,learning_rate,1e-05,5.704986768722534,5.372875246047974
237,momentum,0.3,5.704986768722534,5.372875246047974
237,weight_decay,0.0005,5.704986768722534,5.372875246047974
237,number epochs,250,5.704986768722534,5.372875246047974
238,learning_rate,0.001,5.42830108165741,5.105103883743286
238,momentum,0.95,5.42830108165741,5.105103883743286
238,weight_decay,0.005,5.42830108165741,5.105103883743286
238,number epochs,100,5.42830108165741,5.105103883743286
239,learning_rate,0.0001,5.538622179031372,5.163387294769287
239,momentum,0.05,5.538622179031372,5.163387294769287
239,weight_decay,0.01,5.538622179031372,5.163387294769287
239,number epochs,250,5.538622179031372,5.163387294769287
240,learning_rate,0.0001,5.74187686920166,5.41501094341278
240,momentum,0.95,5.74187686920166,5.41501094341278
240,weight_decay,0.005,5.74187686920166,5.41501094341278
240,number epochs,100,5.74187686920166,5.41501094341278
241,learning_rate,1e-05,5.844523525238037,5.514019918441773
241,momentum,0.3,5.844523525238037,5.514019918441773
241,weight_decay,0.005,5.844523525238037,5.514019918441773
241,number epochs,100,5.844523525238037,5.514019918441773
242,learning_rate,0.1,5.9984349937438965,5.71006588935852
242,momentum,1,5.9984349937438965,5.71006588935852
242,weight_decay,0.1,5.9984349937438965,5.71006588935852
242,number epochs,250,5.9984349937438965,5.71006588935852
243,learning_rate,0.1,5.4068376111984255,4.928182005882263
243,momentum,0.3,5.4068376111984255,4.928182005882263
243,weight_decay,0.0005,5.4068376111984255,4.928182005882263
243,number epochs,100,5.4068376111984255,4.928182005882263
244,learning_rate,0.01,5.56177833366394,5.296638483047485
244,momentum,1,5.56177833366394,5.296638483047485
244,weight_decay,0.01,5.56177833366394,5.296638483047485
244,number epochs,250,5.56177833366394,5.296638483047485
245,learning_rate,0.01,5.449460978507996,5.088662176132202
245,momentum,1,5.449460978507996,5.088662176132202
245,weight_decay,0.005,5.449460978507996,5.088662176132202
245,number epochs,100,5.449460978507996,5.088662176132202
246,learning_rate,0.001,5.444643869400024,5.071486120223999
246,momentum,0.3,5.444643869400024,5.071486120223999
246,weight_decay,0.01,5.444643869400024,5.071486120223999
246,number epochs,50,5.444643869400024,5.071486120223999
247,learning_rate,0.1,5.674833626747131,5.315948586463929
247,momentum,0.7,5.674833626747131,5.315948586463929
247,weight_decay,0.1,5.674833626747131,5.315948586463929
247,number epochs,200,5.674833626747131,5.315948586463929
248,learning_rate,0.01,5.854531745910645,5.513664093017578
248,momentum,1,5.854531745910645,5.513664093017578
248,weight_decay,0.1,5.854531745910645,5.513664093017578
248,number epochs,50,5.854531745910645,5.513664093017578
249,learning_rate,1e-05,5.669369649887085,5.333138151168823
249,momentum,0.3,5.669369649887085,5.333138151168823
249,weight_decay,0.005,5.669369649887085,5.333138151168823
249,number epochs,50,5.669369649887085,5.333138151168823
250,learning_rate,0.001,6.03279846572876,5.686137214660644
250,momentum,0.95,6.03279846572876,5.686137214660644
250,weight_decay,0.005,6.03279846572876,5.686137214660644
250,number epochs,250,6.03279846572876,5.686137214660644
251,learning_rate,0.001,5.625281591415405,5.331924257278442
251,momentum,0.05,5.625281591415405,5.331924257278442
251,weight_decay,0.005,5.625281591415405,5.331924257278442
251,number epochs,50,5.625281591415405,5.331924257278442
252,learning_rate,1e-05,5.874655165672302,5.543563108444214
252,momentum,0.95,5.874655165672302,5.543563108444214
252,weight_decay,0.0005,5.874655165672302,5.543563108444214
252,number epochs,100,5.874655165672302,5.543563108444214
253,learning_rate,0.1,5.570816259384156,5.3753261423110965
253,momentum,0.3,5.570816259384156,5.3753261423110965
253,weight_decay,0.1,5.570816259384156,5.3753261423110965
253,number epochs,100,5.570816259384156,5.3753261423110965
254,learning_rate,0.0001,5.392747955322266,5.16135847568512
254,momentum,0.3,5.392747955322266,5.16135847568512
254,weight_decay,0.005,5.392747955322266,5.16135847568512
254,number epochs,100,5.392747955322266,5.16135847568512
255,learning_rate,0.001,5.821079545974731,5.600608726501465
255,momentum,0.3,5.821079545974731,5.600608726501465
255,weight_decay,0.1,5.821079545974731,5.600608726501465
255,number epochs,250,5.821079545974731,5.600608726501465
256,learning_rate,1e-05,6.149171142578125,5.724255437850952
256,momentum,1,6.149171142578125,5.724255437850952
256,weight_decay,0.005,6.149171142578125,5.724255437850952
256,number epochs,50,6.149171142578125,5.724255437850952
257,learning_rate,0.01,6.10688201268514,5.823911943435669
257,momentum,1,6.10688201268514,5.823911943435669
257,weight_decay,0.0005,6.10688201268514,5.823911943435669
257,number epochs,150,6.10688201268514,5.823911943435669
258,learning_rate,1e-05,5.540376977920532,5.2473356088002525
258,momentum,0.7,5.540376977920532,5.2473356088002525
258,weight_decay,0.01,5.540376977920532,5.2473356088002525
258,number epochs,150,5.540376977920532,5.2473356088002525
259,learning_rate,0.001,5.615098638534546,5.402857799530029
259,momentum,0.1,5.615098638534546,5.402857799530029
259,weight_decay,0.1,5.615098638534546,5.402857799530029
259,number epochs,50,5.615098638534546,5.402857799530029
260,learning_rate,0.001,6.0917258644104,5.802483582496643
260,momentum,0.3,6.0917258644104,5.802483582496643
260,weight_decay,0.005,6.0917258644104,5.802483582496643
260,number epochs,100,6.0917258644104,5.802483582496643
261,learning_rate,0.001,6.093168493906657,5.804528230031331
261,momentum,0.95,6.093168493906657,5.804528230031331
261,weight_decay,0.005,6.093168493906657,5.804528230031331
261,number epochs,150,6.093168493906657,5.804528230031331
262,learning_rate,1e-05,5.9419663028717045,5.605274257659912
262,momentum,1,5.9419663028717045,5.605274257659912
262,weight_decay,0.01,5.9419663028717045,5.605274257659912
262,number epochs,250,5.9419663028717045,5.605274257659912
263,learning_rate,0.01,5.743236627578735,5.314606590270996
263,momentum,1,5.743236627578735,5.314606590270996
263,weight_decay,0.1,5.743236627578735,5.314606590270996
263,number epochs,100,5.743236627578735,5.314606590270996
264,learning_rate,0.0001,5.185679712295532,4.959237637519837
264,momentum,0.05,5.185679712295532,4.959237637519837
264,weight_decay,0.005,5.185679712295532,4.959237637519837
264,number epochs,100,5.185679712295532,4.959237637519837
265,learning_rate,0.001,5.826678559780121,5.477960267066956
265,momentum,0.7,5.826678559780121,5.477960267066956
265,weight_decay,0.005,5.826678559780121,5.477960267066956
265,number epochs,200,5.826678559780121,5.477960267066956
266,learning_rate,0.01,5.569009306430817,5.174066166877747
266,momentum,0.3,5.569009306430817,5.174066166877747
266,weight_decay,0.005,5.569009306430817,5.174066166877747
266,number epochs,200,5.569009306430817,5.174066166877747
267,learning_rate,0.01,5.0956329870224,4.874713196754455
267,momentum,0.05,5.0956329870224,4.874713196754455
267,weight_decay,0.0005,5.0956329870224,4.874713196754455
267,number epochs,100,5.0956329870224,4.874713196754455
268,learning_rate,0.0001,5.4515712714195255,5.083135352134705
268,momentum,0.3,5.4515712714195255,5.083135352134705
268,weight_decay,0.005,5.4515712714195255,5.083135352134705
268,number epochs,200,5.4515712714195255,5.083135352134705
269,learning_rate,0.0001,5.6412281322479245,5.384477499008178
269,momentum,0.3,5.6412281322479245,5.384477499008178
269,weight_decay,0.01,5.6412281322479245,5.384477499008178
269,number epochs,250,5.6412281322479245,5.384477499008178
270,learning_rate,0.01,4.941992206573486,4.495160746574402
270,momentum,0.5,4.941992206573486,4.495160746574402
270,weight_decay,0.005,4.941992206573486,4.495160746574402
270,number epochs,50,4.941992206573486,4.495160746574402
271,learning_rate,0.01,5.759892349243164,5.419311529795329
271,momentum,0.7,5.759892349243164,5.419311529795329
271,weight_decay,0.01,5.759892349243164,5.419311529795329
271,number epochs,150,5.759892349243164,5.419311529795329
272,learning_rate,0.1,5.719746780395508,5.391506280899048
272,momentum,0.3,5.719746780395508,5.391506280899048
272,weight_decay,0.0005,5.719746780395508,5.391506280899048
272,number epochs,50,5.719746780395508,5.391506280899048
273,learning_rate,1e-05,5.352554676532745,5.057054846286774
273,momentum,0.3,5.352554676532745,5.057054846286774
273,weight_decay,0.01,5.352554676532745,5.057054846286774
273,number epochs,200,5.352554676532745,5.057054846286774
274,learning_rate,0.0001,5.897199611663819,5.592392311096192
274,momentum,0.3,5.897199611663819,5.592392311096192
274,weight_decay,0.1,5.897199611663819,5.592392311096192
274,number epochs,50,5.897199611663819,5.592392311096192
275,learning_rate,0.01,6.2670437479019165,5.9557942247390745
275,momentum,0.3,6.2670437479019165,5.9557942247390745
275,weight_decay,0.01,6.2670437479019165,5.9557942247390745
275,number epochs,200,6.2670437479019165,5.9557942247390745
276,learning_rate,1e-05,5.7173942184448245,5.193115854263306
276,momentum,0.3,5.7173942184448245,5.193115854263306
276,weight_decay,0.1,5.7173942184448245,5.193115854263306
276,number epochs,50,5.7173942184448245,5.193115854263306
277,learning_rate,1e-05,6.131167621612549,5.7429929542541505
277,momentum,0.95,6.131167621612549,5.7429929542541505
277,weight_decay,0.01,6.131167621612549,5.7429929542541505
277,number epochs,250,6.131167621612549,5.7429929542541505
278,learning_rate,0.01,5.652972771326701,5.418569329579671
278,momentum,0.3,5.652972771326701,5.418569329579671
278,weight_decay,0.01,5.652972771326701,5.418569329579671
278,number epochs,150,5.652972771326701,5.418569329579671
279,learning_rate,0.001,5.9284122133255,5.622284359931946
279,momentum,1,5.9284122133255,5.622284359931946
279,weight_decay,0.1,5.9284122133255,5.622284359931946
279,number epochs,100,5.9284122133255,5.622284359931946
280,learning_rate,1e-05,5.590029702186585,5.222718687057495
280,momentum,0.3,5.590029702186585,5.222718687057495
280,weight_decay,0.1,5.590029702186585,5.222718687057495
280,number epochs,200,5.590029702186585,5.222718687057495
281,learning_rate,0.1,5.342427463531494,5.049159440994263
281,momentum,1,5.342427463531494,5.049159440994263
281,weight_decay,0.0005,5.342427463531494,5.049159440994263
281,number epochs,100,5.342427463531494,5.049159440994263
282,learning_rate,0.001,5.6879015617370605,5.38665281867981
282,momentum,0.1,5.6879015617370605,5.38665281867981
282,weight_decay,0.1,5.6879015617370605,5.38665281867981
282,number epochs,250,5.6879015617370605,5.38665281867981
283,learning_rate,0.01,6.240107612609863,5.9643861770629885
283,momentum,0.5,6.240107612609863,5.9643861770629885
283,weight_decay,0.005,6.240107612609863,5.9643861770629885
283,number epochs,50,6.240107612609863,5.9643861770629885
284,learning_rate,0.0001,5.781883873939514,5.453915524482727
284,momentum,0.05,5.781883873939514,5.453915524482727
284,weight_decay,0.005,5.781883873939514,5.453915524482727
284,number epochs,100,5.781883873939514,5.453915524482727
285,learning_rate,0.01,5.773863988876343,5.49063463973999
285,momentum,1,5.773863988876343,5.49063463973999
285,weight_decay,0.1,5.773863988876343,5.49063463973999
285,number epochs,250,5.773863988876343,5.49063463973999
286,learning_rate,0.1,5.577657265663147,5.196754817962646
286,momentum,0.05,5.577657265663147,5.196754817962646
286,weight_decay,0.005,5.577657265663147,5.196754817962646
286,number epochs,100,5.577657265663147,5.196754817962646
287,learning_rate,0.001,6.152860788345337,5.802349342346192
287,momentum,0.1,6.152860788345337,5.802349342346192
287,weight_decay,0.01,6.152860788345337,5.802349342346192
287,number epochs,250,6.152860788345337,5.802349342346192
288,learning_rate,0.001,5.636982984542847,5.446765489578247
288,momentum,0.3,5.636982984542847,5.446765489578247
288,weight_decay,0.1,5.636982984542847,5.446765489578247
288,number epochs,50,5.636982984542847,5.446765489578247
289,learning_rate,0.1,5.7704011249542235,5.365303111076355
289,momentum,0.3,5.7704011249542235,5.365303111076355
289,weight_decay,0.1,5.7704011249542235,5.365303111076355
289,number epochs,100,5.7704011249542235,5.365303111076355
290,learning_rate,0.01,5.904855397542318,5.6093334897359215
290,momentum,0.3,5.904855397542318,5.6093334897359215
290,weight_decay,0.1,5.904855397542318,5.6093334897359215
290,number epochs,150,5.904855397542318,5.6093334897359215
291,learning_rate,0.001,5.888518600463867,5.5495059903462725
291,momentum,0.3,5.888518600463867,5.5495059903462725
291,weight_decay,0.005,5.888518600463867,5.5495059903462725
291,number epochs,150,5.888518600463867,5.5495059903462725
292,learning_rate,0.001,5.954176597595215,5.600248870849609
292,momentum,0.3,5.954176597595215,5.600248870849609
292,weight_decay,0.01,5.954176597595215,5.600248870849609
292,number epochs,100,5.954176597595215,5.600248870849609
293,learning_rate,1e-05,6.0421035194396975,5.5981822681427005
293,momentum,0.5,6.0421035194396975,5.5981822681427005
293,weight_decay,0.005,6.0421035194396975,5.5981822681427005
293,number epochs,50,6.0421035194396975,5.5981822681427005
294,learning_rate,0.0001,5.627743434906006,5.2655551052093506
294,momentum,0.05,5.627743434906006,5.2655551052093506
294,weight_decay,0.005,5.627743434906006,5.2655551052093506
294,number epochs,50,5.627743434906006,5.2655551052093506
295,learning_rate,1e-05,5.915762761433919,5.525617663065592
295,momentum,0.3,5.915762761433919,5.525617663065592
295,weight_decay,0.005,5.915762761433919,5.525617663065592
295,number epochs,150,5.915762761433919,5.525617663065592
296,learning_rate,0.001,5.428903144200643,5.089636866251627
296,momentum,0.5,5.428903144200643,5.089636866251627
296,weight_decay,0.005,5.428903144200643,5.089636866251627
296,number epochs,150,5.428903144200643,5.089636866251627
297,learning_rate,0.01,6.021500411033631,5.6246837663650515
297,momentum,0.5,6.021500411033631,5.6246837663650515
297,weight_decay,0.005,6.021500411033631,5.6246837663650515
297,number epochs,100,6.021500411033631,5.6246837663650515
298,learning_rate,0.1,6.063036570549011,5.726837830543518
298,momentum,0.3,6.063036570549011,5.726837830543518
298,weight_decay,0.1,6.063036570549011,5.726837830543518
298,number epochs,100,6.063036570549011,5.726837830543518
299,learning_rate,0.1,5.879658036231994,5.504764919281006
299,momentum,1,5.879658036231994,5.504764919281006
299,weight_decay,0.01,5.879658036231994,5.504764919281006
299,number epochs,100,5.879658036231994,5.504764919281006
